{"cameraMode":{"drawMode":0,"name":"Shaded","section":"Shading Mode"},"sceneLighting":true,"audioPlay":false,"sceneViewState":{"m_AlwaysRefresh":false,"showFog":true,"showSkybox":true,"showFlares":true,"showImageEffects":true,"showParticleSystems":true,"showVisualEffectGraphs":true,"m_FxEnabled":true},"in2DMode":false,"pivot":{"x":-4.527691841125488,"y":3.1867923736572267,"z":-0.8243579864501953},"rotation":{"x":0.2567771077156067,"y":0.03043699637055397,"z":-0.008075288496911526,"w":0.9659926295280457},"size":12.664372444152832,"orthographic":false}