{"cameraMode":{"drawMode":0,"name":"Shaded","section":"Shading Mode"},"sceneLighting":true,"audioPlay":false,"sceneViewState":{"m_AlwaysRefresh":false,"showFog":true,"showSkybox":true,"showFlares":true,"showImageEffects":true,"showParticleSystems":true,"showVisualEffectGraphs":true,"m_FxEnabled":true},"in2DMode":false,"pivot":{"x":-26.789466857910158,"y":-44.61033248901367,"z":73.65418243408203},"rotation":{"x":-0.23931144177913667,"y":0.21260279417037965,"z":-0.053795091807842258,"w":-0.9458636045455933},"size":55.32799530029297,"orthographic":false}